[
{"result": "https://i.pinimg.com/564x/3c/69/37/3c6937b5dfeb5f646e6d01e196c2225a.jpg"},
{"result": "https://i.pinimg.com/564x/65/a5/7d/65a57d76a94385b1658a96c447936c9b.jpg"},
{"result": "https://i.pinimg.com/564x/47/57/85/4757853be9feeb579ae8225b64ae1b4b.jpg"},
{"result": "https://i.pinimg.com/564x/b7/d3/31/b7d3315a205ffc3d539105040e139fbc.jpg"},
{"result": "https://i.pinimg.com/564x/6f/09/f6/6f09f629ad1d91875004f7abcb4eb1e4.jpg"},
{"result": "https://i.pinimg.com/564x/0e/60/c8/0e60c89324737e589020d54cb7cfdaaa.jpg"},
{"result": "https://i.pinimg.com/564x/d9/95/5d/d9955d10e7474d000168402af52ca0c0.jpg"},
{"result": "https://i.pinimg.com/564x/81/5f/c5/815fc5f4a7225d4450a3ae2b3c6d710b.jpg"},
{"result": "https://i.pinimg.com/564x/73/63/c7/7363c7ef8fa0d20ba0bad31bfc1db7d8.jpg"},
{"result": "https://i.pinimg.com/564x/f4/ce/34/f4ce34cf8b8d44923ec153bf8c523cd5.jpg"},
{"result": "https://i.pinimg.com/564x/bf/1f/b9/bf1fb923d322702b241fe7ab1d661cd1.jpg"},
{"result": "https://i.pinimg.com/564x/67/50/4c/67504cd1ce5ce1a5db3afcd1d45a1e40.jpg"},
{"result": "https://i.pinimg.com/564x/11/08/68/11086845e5cbc9e6744912d1ed4b216d.jpg"},
{"result": "https://i.pinimg.com/564x/01/34/d2/0134d22bf4b3b8a38cf4e00d258c11f5.jpg"},
{"result": "https://i.pinimg.com/564x/b5/c4/1c/b5c41c37df41442964e94c7e63d6c711.jpg"},
{"result": "https://i.pinimg.com/564x/29/5f/16/295f165ec745e5606cbcecbdfc298248.jpg"},
{"result": "https://i.pinimg.com/564x/8d/ad/03/8dad033e4f06d4f2d28b56e744c1b9cd.jpg"},
{"result": "https://i.pinimg.com/564x/3b/c0/8f/3bc08f037bb357d879a496c725fd9386.jpg"},
{"result": "https://i.pinimg.com/564x/40/7b/9b/407b9b59cffbc70fb109a8efc1e0958c.jpg"},
{"result": "https://i.pinimg.com/564x/42/14/49/421449814ca423fafe829e345d5e42d6.jpg"},
{"result": "https://i.pinimg.com/564x/3c/a8/e7/3ca8e7667ddd1e82eca4d5708831ccd2.jpg"},
{"result": "https://i.pinimg.com/564x/a3/aa/f5/a3aaf566e3e2860246cc31105a6aa438.jpg"},
{"result": "https://i.pinimg.com/564x/2f/ab/78/2fab788e9debb15a44da1a08762ea919.jpg"},
{"result": "https://i.pinimg.com/564x/eb/2f/39/eb2f39a40b332d3b708ac8f89161725a.jpg"},
{"result": "https://i.pinimg.com/564x/26/be/59/26be59025dea5d4ef810b055458280e1.jpg"},
{"result": "https://i.pinimg.com/564x/4a/20/2e/4a202e16181d9d8fcbca812ab020efe1.jpg"},
{"result": "https://i.pinimg.com/564x/53/f4/93/53f493040a32b07828af053272e7a988.jpg"},
{"result": "https://i.pinimg.com/564x/b0/8b/48/b08b483c3bceec22a36ee1f7b0c2143b.jpg"},
{"result": "https://i.pinimg.com/564x/91/96/b6/9196b684f80fbfc4dda6bf01c4b831b9.jpg"},
{"result": "https://i.pinimg.com/564x/71/58/6b/71586b58d042f64f2756b3b5440463d2.jpg"},
{"result": "https://i.pinimg.com/564x/f5/5e/b3/f55eb3c3e83f60bc3286ce926376bc40.jpg"},
{"result": "https://i.pinimg.com/564x/30/6c/b0/306cb02aaa4a767c78373f1d96ea134d.jpg"},
{"result": "https://i.pinimg.com/564x/0d/fd/5f/0dfd5f8545a55dcf56f0933df05854a8.jpg"},
{"result": "https://i.pinimg.com/564x/27/12/0f/27120fee9a14dfb582365aa517706504.jpg"},
{"result": "https://i.pinimg.com/564x/ac/eb/8f/aceb8fc55d9762245855a5434d75b12d.jpg"},
{"result": "https://i.pinimg.com/564x/b0/df/f0/b0dff0ce9cfe6685478b4fa5d88463a7.jpg"},
{"result": "https://i.pinimg.com/564x/12/a9/ad/12a9ad5397eb2ad6ea05ccec08e99f30.jpg"},
{"result": "https://i.pinimg.com/564x/5b/a6/b7/5ba6b7154051009afe4ab833c6e79646.jpg"},
{"result": "https://i.pinimg.com/564x/2f/bf/dd/2fbfdd6f0175da9d9c7784966c98c946.jpg"},
{"result": "https://i.pinimg.com/564x/4a/cf/50/4acf502b5550f7111f9f183e5eb398fc.jpg"},
{"result": "https://i.pinimg.com/564x/0a/82/62/0a8262b91c41e1652d12f2c4db86c719.jpg"},
{"result": "https://i.pinimg.com/564x/c5/c9/bd/c5c9bdb0b792248218692786d2d525cb.jpg"},
{"result": "https://i.pinimg.com/564x/f7/99/80/f79980fd1d1a83a935a4fa8c79c3d365.jpg"},
{"result": "https://i.pinimg.com/564x/68/26/8e/68268ebd1834efa31dccd719f1ebd202.jpg"},
{"result": "https://i.pinimg.com/564x/e1/28/ce/e128ceba4cd81aa41d427a5d42b7244e.jpg"},
{"result": "https://i.pinimg.com/564x/4f/9d/28/4f9d285fae38d914ca1af1068114fe57.jpg"},
{"result": "https://i.pinimg.com/564x/82/17/ca/8217ca32d1da6069b803b31a1c9cd0df.jpg"},
{"result": "https://i.pinimg.com/564x/cc/0a/f4/cc0af46c75b2248f7ed9fb604b11659e.jpg"},
{"result": "https://i.pinimg.com/564x/be/57/70/be577095b363d767a8b1627bb9dada07.jpg"},
{"result": "https://i.pinimg.com/564x/21/75/bf/2175bfae0f3dd846003b0485ff2df62c.jpg"},
{"result": "https://i.pinimg.com/564x/34/4c/58/344c5896351e4947c76325e61f7b4558.jpg"},
{"result": "https://i.pinimg.com/564x/cb/db/ba/cbdbba861e3cade2843a69b9ebc293fb.jpg"},
{"result": "https://i.pinimg.com/564x/22/ca/4a/22ca4afb46e03c091f77030089436889.jpg"},
{"result": "https://i.pinimg.com/564x/20/15/1f/20151fff417b6526e6f4035c59e65ffd.jpg"},
{"result": "https://i.pinimg.com/564x/35/c2/7f/35c27f77f6770acbe8425e2dae063fd3.jpg"},
{"result": "https://i.pinimg.com/564x/9b/ba/e5/9bbae568bb449b83e287dcf2db3fc57c.jpg"},
{"result": "https://i.pinimg.com/564x/fd/0e/6b/fd0e6bafb339eff6b9d8346336e7b066.jpg"},
{"result": "https://i.pinimg.com/564x/db/31/44/db31443c07ae23994d8f2da5a337a989.jpg"},
{"result": "https://i.pinimg.com/564x/f4/5b/a9/f45ba925c245999a0fec2d8c86f14edc.jpg"},
{"result": "https://i.pinimg.com/564x/48/3a/3e/483a3eb499f626f122e47dcda7b73822.jpg"},
{"result": "https://i.pinimg.com/564x/97/a8/6e/97a86e4703219ae14666f823f343474a.jpg"},
{"result": "https://i.pinimg.com/564x/bd/b8/12/bdb8124a90d8c4f84d0a651d7ac1673c.jpg"},
{"result": "https://i.pinimg.com/564x/ab/d8/0a/abd80a4cc74b16080b53c32644f78916.jpg"},
{"result": "https://i.pinimg.com/564x/45/62/2c/45622c0d5db8d361e3e03eec0de52a86.jpg"},
{"result": "https://i.pinimg.com/564x/bf/b5/32/bfb5326150c11972fd3da75ff7847456.jpg"},
{"result": "https://i.pinimg.com/564x/a2/46/88/a24688a555ed9f5354faa6d33a6816bf.jpg"},
{"result": "https://i.pinimg.com/564x/59/76/c9/5976c93d6fe2e4273ab501f46734b815.jpg"},
{"result": "https://i.pinimg.com/564x/87/36/e0/8736e0cd975f5de904b444b883872996.jpg"},
{"result": "https://i.pinimg.com/564x/b7/73/8c/b7738c7739d3ba2a9b3d657651dab3bf.jpg"},
{"result": "https://i.pinimg.com/564x/cd/81/aa/cd81aade7b422a9a4788fcdbd94b36db.jpg"},
{"result": "https://i.pinimg.com/564x/34/b6/c2/34b6c235222c7e3fe49ee0b7dc1ee38c.jpg"},
{"result": "https://i.pinimg.com/564x/1a/87/e3/1a87e307e420937793009d4ad4ac9175.jpg"},
{"result": "https://i.pinimg.com/564x/94/7d/f0/947df02e444c4bc37973b5fddab9e750.jpg"},
{"result": "https://i.pinimg.com/564x/ed/ae/f6/edaef68ef8f6e9aac8da4815ffc1a9d8.jpg"},
{"result": "https://i.pinimg.com/564x/1a/ee/91/1aee915903b2c2968245c13788ed6a12.jpg"},
{"result": "https://i.pinimg.com/564x/c7/df/b1/c7dfb1ed2f368378e8c239781654b650.jpg"},
{"result": "https://i.pinimg.com/564x/eb/c8/42/ebc842078c44bab6ec03981d2121009a.jpg"},
{"result": "https://i.pinimg.com/564x/b5/b6/82/b5b68226be025d413090a6728a2962d2.jpg"},
{"result": "https://i.pinimg.com/564x/fb/31/0e/fb310e148a20b490f30fe86f302dabe9.jpg"},
{"result": "https://i.pinimg.com/564x/cc/23/93/cc23938ec1b7c316de18df25bb0c5b08.jpg"},
{"result": "https://i.pinimg.com/564x/d8/94/34/d894342ca2d06dd9bf0d8cd5e21ce703.jpg"},
{"result": "https://i.pinimg.com/564x/31/99/77/319977315da703d262c8cd1198783823.jpg"},
{"result": "https://i.pinimg.com/564x/b6/2f/a7/b62fa7eb04482b9694988546222d8175.jpg"},
{"result": "https://i.pinimg.com/564x/a8/d7/7f/a8d77f75628eacda3f7efec315fdddf8.jpg"},
{"result": "https://i.pinimg.com/564x/e4/d1/43/e4d143e7363ed882b2b08d0c4f045187.jpg"},
{"result": "https://i.pinimg.com/564x/50/e9/23/50e923aab789eea806d62089084d5de8.jpg"},
{"result": "https://i.pinimg.com/564x/f1/c2/c7/f1c2c752d0989a0b83302bf810e6a687.jpg"},
{"result": "https://i.pinimg.com/564x/82/71/d2/8271d22d7053a4954b1b418a0e2df832.jpg"},
{"result": "https://i.pinimg.com/564x/cf/77/ea/cf77eade574188fa06ccada43599d0cd.jpg"},
{"result": "https://i.pinimg.com/564x/eb/32/cc/eb32cc8d0d0e53cd996fed2f53241935.jpg"},
{"result": "https://i.pinimg.com/564x/77/e5/ae/77e5aec47a26c85c313064e1707bd563.jpg"},
{"result": "https://i.pinimg.com/564x/38/77/5e/38775e5354f3a2d499ce7f1b922d3285.jpg"},
{"result": "https://i.pinimg.com/564x/a8/18/f7/a818f7be096badb03eff0bae9238513d.jpg"},
{"result": "https://i.pinimg.com/564x/c4/7d/ef/c47defcd8dcd47c66de1da67931b9d97.jpg"},
{"result": "https://i.pinimg.com/564x/f4/90/73/f49073056b80fb5c02b2132b06139458.jpg"},
{"result": "https://i.pinimg.com/564x/20/14/c8/2014c89231fa53c6cdcf767572dbaeff.jpg"},
{"result": "https://i.pinimg.com/564x/2d/7e/05/2d7e05c17cfbf13f31eac7985d98951f.jpg"},
{"result": "https://i.pinimg.com/564x/51/60/67/51606761c64d53f37337be66a75abdeb.jpg"},
{"result": "https://i.pinimg.com/564x/ff/09/b8/ff09b8f81f78fe06a3f42ed0d9110979.jpg"},
{"result": "https://i.pinimg.com/564x/61/1a/b4/611ab44bd3c5f4128d9a840056dba03b.jpg"}
]